Season,#ofTeams,Stanley Cup,Runner-up,East Conf Finalist,West Conf Finalist,East Div Finalist1,East Div Finalist2,West Div Finalist1,West Div Finalist2,East 1st Rnd1,East 1st Rnd2,East 1st Rnd3,East 1st Rnd4,West 1st Rnd1,West 1st Rnd2,West 1st Rnd3,West 1st Rnd4,Est. Teams,SC - Cap Hit,Salary Cap,Cap%,2nd - Cap Hit,2nd Cap%,%Difference
2019,31,St. Louis,Boston,Carolina,San Jose,Columbus,Islanders,Dallas,Colorado,Washington,Tampa Bay,Toronto,Pittsburgh,Vegas,Winnipeg,Calgary,Nashville,"Vegas,Minnesota,Columbus,Winnipeg,Nashville,Florida,Anaheim,Ottawa,Tampa Bay,San Jose,Carolina,Colorado,Edmonton,Arizona,Washington,New Jersey,Calgary,Islanders,Vancouver,Buffalo,St. Louis,Los Angeles,Dallas,Pittsburgh,Philadelphia,Detroit,Chicago,Rangers,Montreal,Toronto,Boston","$79,264,670.00","$79,500,000.00",99.70%,"$76,665,895",96.44%,3.27%
2018,31,Washington,Vegas,Tampa Bay,Winnipeg,Pittsburgh,Boston,San Jose,Nashville,New Jersey,Philadelphia,Toronto,Columbus,Anaheim,Minnesota,Colorado,Los Angeles,"Vegas,Minnesota,Columbus,Winnipeg,Nashville,Florida,Anaheim,Ottawa,Tampa Bay,San Jose,Carolina,Colorado,Edmonton,Arizona,Washington,New Jersey,Calgary,Islanders,Vancouver,Buffalo,St. Louis,Los Angeles,Dallas,Pittsburgh,Philadelphia,Detroit,Chicago,Rangers,Montreal,Toronto,Boston","$75,339,961.00","$75,000,000.00",100.45%,"$68,700,089",91.60%,8.85%
2017,30,Pittsburgh,Nashville,Ottawa,Anaheim,Washington,Rangers,Edmonton,St. Louis,Montreal,Boston,Toronto,Columbus,Chicago,Minnesota,Calgary,San Jose,"Minnesota,Columbus,Winnipeg,Nashville,Florida,Anaheim,Ottawa,Tampa Bay,San Jose,Carolina,Colorado,Edmonton,Arizona,Washington,New Jersey,Calgary,Islanders,Vancouver,Buffalo,St. Louis,Los Angeles,Dallas,Pittsburgh,Philadelphia,Detroit,Chicago,Rangers,Montreal,Toronto,Boston","$77,649,912.00","$73,000,000.00",106.37%,"$69,429,301",95.11%,11.26%
2016,30,Pittsburgh,San Jose,Tampa Bay,St. Louis,Washington,Islanders,Nashville,Dallas,Philadelphia,Rangers,Detroit,Florida,Anaheim,Los Angeles,Minnesota,Chicago,"Minnesota,Columbus,Winnipeg,Nashville,Florida,Anaheim,Ottawa,Tampa Bay,San Jose,Carolina,Colorado,Edmonton,Arizona,Washington,New Jersey,Calgary,Islanders,Vancouver,Buffalo,St. Louis,Los Angeles,Dallas,Pittsburgh,Philadelphia,Detroit,Chicago,Rangers,Montreal,Toronto,Boston","$73,751,100.00","$71,400,000.00",103.29%,"$71,151,220",99.65%,3.64%
2015,30,Chicago,Tampa Bay,Rangers,Anaheim,Washington,Montreal,Calgary,Minnesota,Islanders,Pittsburgh,Detroit,Ottawa,Vancouver,Winnipeg,Nashville,St. Louis,"Minnesota,Columbus,Winnipeg,Nashville,Florida,Anaheim,Ottawa,Tampa Bay,San Jose,Carolina,Colorado,Edmonton,Arizona,Washington,New Jersey,Calgary,Islanders,Vancouver,Buffalo,St. Louis,Los Angeles,Dallas,Pittsburgh,Philadelphia,Detroit,Chicago,Rangers,Montreal,Toronto,Boston","$70,685,706.00","$69,000,000.00",102.44%,"$69,836,530",101.21%,1.23%
2014,30,Los Angeles,Rangers,Montreal,Chicago,Pittsburgh,Boston,Minnesota,Anaheim,Philadelphia,Tampa Bay,Detroit,Columbus,San Jose,Dallas,Colorado,St. Louis,"Minnesota,Columbus,Winnipeg,Nashville,Florida,Anaheim,Ottawa,Tampa Bay,San Jose,Carolina,Colorado,Edmonton,Arizona,Washington,New Jersey,Calgary,Islanders,Vancouver,Buffalo,St. Louis,Los Angeles,Dallas,Pittsburgh,Philadelphia,Detroit,Chicago,Rangers,Montreal,Toronto,Boston","$64,391,803.00","$64,300,000.00",100.14%,"$64,093,628",99.68%,0.46%
2013,30,Chicago,Boston,Pittsburgh,Los Angeles,Ottawa,Rangers,Detroit,San Jose,Toronto,Washington,Montreal,Islanders,Minnesota,Anaheim,Vancouver,St. Louis,"Minnesota,Columbus,Winnipeg,Nashville,Florida,Anaheim,Ottawa,Tampa Bay,San Jose,Carolina,Colorado,Edmonton,Arizona,Washington,New Jersey,Calgary,Islanders,Vancouver,Buffalo,St. Louis,Los Angeles,Dallas,Pittsburgh,Philadelphia,Detroit,Chicago,Rangers,Montreal,Toronto,Boston","$71,864,226.00","$70,200,000.00",102.37%,"$69,147,976",98.50%,3.87%
2012,30,Los Angeles,New Jersey,Rangers,Arizona,Washington,Philadelphia,Nashville,St. Louis,Ottawa,Boston,Florida,Pittsburgh,Vancouver,San Jose,Chicago,Detroit,"Minnesota,Columbus,Winnipeg,Nashville,Florida,Anaheim,Ottawa,Tampa Bay,San Jose,Carolina,Colorado,Edmonton,Arizona,Washington,New Jersey,Calgary,Islanders,Vancouver,Buffalo,St. Louis,Los Angeles,Dallas,Pittsburgh,Philadelphia,Detroit,Chicago,Rangers,Montreal,Toronto,Boston","$73,743,200.00","$64,300,000.00",114.69%,"$66,068,336",102.75%,11.94%
2011,30,Boston,Vancouver,Tampa Bay,San Jose,Washington,Philadelphia,Nashville,Detroit,Rangers,Buffalo,Montreal,Pittsburgh,Chicago,Los Angeles,Arizona,Anaheim,"Minnesota,Columbus,Winnipeg,Nashville,Florida,Anaheim,Ottawa,Tampa Bay,San Jose,Carolina,Colorado,Edmonton,Arizona,Washington,New Jersey,Calgary,Islanders,Vancouver,Buffalo,St. Louis,Los Angeles,Dallas,Pittsburgh,Philadelphia,Detroit,Chicago,Rangers,Montreal,Toronto,Boston","$65,898,200.00","$59,400,000.00",110.94%,"$59,399,000",100.00%,10.94%
2010,30,Chicago,Philadelphia,Montreal,San Jose,Pittsburgh,Boston,Detroit,Vancouver,Washington,New Jersey,Buffalo,Ottawa,Colorado,Nashville,Los Angeles,Arizona,"Minnesota,Columbus,Winnipeg,Nashville,Florida,Anaheim,Ottawa,Tampa Bay,San Jose,Carolina,Colorado,Edmonton,Arizona,Washington,New Jersey,Calgary,Islanders,Vancouver,Buffalo,St. Louis,Los Angeles,Dallas,Pittsburgh,Philadelphia,Detroit,Chicago,Rangers,Montreal,Toronto,Boston","$60,724,100.00","$56,800,000.00",106.91%,,0.00%,106.91%
2009,30,Pittsburgh,Detroit,Carolina,Chicago,Boston,Washington,Anaheim,Vancouver,Montreal,Rangers,New Jersey,Philadelphia,San Jose,Columbus,St. Louis,Calgary,"Minnesota,Columbus,Winnipeg,Nashville,Florida,Anaheim,Ottawa,Tampa Bay,San Jose,Carolina,Colorado,Edmonton,Arizona,Washington,New Jersey,Calgary,Islanders,Vancouver,Buffalo,St. Louis,Los Angeles,Dallas,Pittsburgh,Philadelphia,Detroit,Chicago,Rangers,Montreal,Toronto,Boston","$56,678,000.00","$56,700,000.00",99.96%,,0.00%,99.96%
2008,30,Detroit,Pittsburgh,Philadelphia,Dallas,Montreal,Rangers,San Jose,Colorado,New Jersey,Washington,Ottawa,Boston,Anaheim,Nashville,Calgary,Minnesota,"Minnesota,Columbus,Winnipeg,Nashville,Florida,Anaheim,Ottawa,Tampa Bay,San Jose,Carolina,Colorado,Edmonton,Arizona,Washington,New Jersey,Calgary,Islanders,Vancouver,Buffalo,St. Louis,Los Angeles,Dallas,Pittsburgh,Philadelphia,Detroit,Chicago,Rangers,Montreal,Toronto,Boston","$48,345,800.00","$50,300,000.00",96.11%,,0.00%,96.11%
2007,30,Anaheim,Ottawa,Buffalo,Detroit,New Jersey,Rangers,San Jose,Vancouver,Pittsburgh,Winnipeg,Tampa Bay,Islanders,Nashville,Dallas,Minnesota,Calgary,"Minnesota,Columbus,Winnipeg,Nashville,Florida,Anaheim,Ottawa,Tampa Bay,San Jose,Carolina,Colorado,Edmonton,Arizona,Washington,New Jersey,Calgary,Islanders,Vancouver,Buffalo,St. Louis,Los Angeles,Dallas,Pittsburgh,Philadelphia,Detroit,Chicago,Rangers,Montreal,Toronto,Boston","$40,461,433.00","$44,000,000.00",91.96%,,0.00%,91.96%
2006,30,Carolina,Edmonton,Buffalo,Anaheim,Ottawa,New Jersey,San Jose,Colorado,Tampa Bay,Montreal,Rangers,Philadelphia,Detroit,Dallas,Calgary,Nashville,"Minnesota,Columbus,Winnipeg,Nashville,Florida,Anaheim,Ottawa,Tampa Bay,San Jose,Carolina,Colorado,Edmonton,Arizona,Washington,New Jersey,Calgary,Islanders,Vancouver,Buffalo,St. Louis,Los Angeles,Dallas,Pittsburgh,Philadelphia,Detroit,Chicago,Rangers,Montreal,Toronto,Boston","$35,308,700.00","$39,000,000.00",90.54%,,0.00%,90.54%
2004,30,Tampa Bay,Calgary,Philadelphia,San Jose,Montreal,Toronto,Detroit,Colorado,Islanders,Boston,New Jersey,Ottawa,Nashville,St. Louis,Vancouver,Dallas,"Minnesota,Columbus,Winnipeg,Nashville,Florida,Anaheim,Ottawa,Tampa Bay,San Jose,Carolina,Colorado,Edmonton,Arizona,Washington,New Jersey,Calgary,Islanders,Vancouver,Buffalo,St. Louis,Los Angeles,Dallas,Pittsburgh,Philadelphia,Detroit,Chicago,Rangers,Montreal,Toronto,Boston",,,,,,
2003,30,New Jersey,Anaheim,Ottawa,Minnesota,Philadelphia,Tampa Bay,Dallas,Vancouver,Islanders,Boston,Washington,Toronto,Edmonton,Detroit,Colorado,St. Louis,"Minnesota,Columbus,Winnipeg,Nashville,Florida,Anaheim,Ottawa,Tampa Bay,San Jose,Carolina,Colorado,Edmonton,Arizona,Washington,New Jersey,Calgary,Islanders,Vancouver,Buffalo,St. Louis,Los Angeles,Dallas,Pittsburgh,Philadelphia,Detroit,Chicago,Rangers,Montreal,Toronto,Boston",,,,,,
2002,30,Detroit,Carolina,Toronto,Colorado,Montreal,Ottawa,San Jose,St. Louis,Boston,Philadelphia,New Jersey,Islanders,Vancouver,Los Angeles,Arizona,Chicago,"Minnesota,Columbus,Winnipeg,Nashville,Florida,Anaheim,Ottawa,Tampa Bay,San Jose,Carolina,Colorado,Edmonton,Arizona,Washington,New Jersey,Calgary,Islanders,Vancouver,Buffalo,St. Louis,Los Angeles,Dallas,Pittsburgh,Philadelphia,Detroit,Chicago,Rangers,Montreal,Toronto,Boston",,,,,,
2001,30,Colorado,New Jersey,Pittsburgh,St. Louis,Toronto,Buffalo,Los Angeles,Dallas,Carolina,Ottawa,Washington,Philadelphia,Vancouver,Detroit,Edmonton,San Jose,"Minnesota,Columbus,Winnipeg,Nashville,Florida,Anaheim,Ottawa,Tampa Bay,San Jose,Carolina,Colorado,Edmonton,Arizona,Washington,New Jersey,Calgary,Islanders,Vancouver,Buffalo,St. Louis,Los Angeles,Dallas,Pittsburgh,Philadelphia,Detroit,Chicago,Rangers,Montreal,Toronto,Boston",,,,,,
2000,28,New Jersey,Dallas,Philadelphia,Colorado,Pittsburgh,Toronto,San Jose,Detroit,Buffalo,Washington,Ottawa,Florida,St. Louis,Edmonton,Arizona,Los Angeles,"Winnipeg,Nashville,Florida,Anaheim,Ottawa,Tampa Bay,San Jose,Carolina,Colorado,Edmonton,Arizona,Washington,New Jersey,Calgary,Islanders,Vancouver,Buffalo,St. Louis,Los Angeles,Dallas,Pittsburgh,Philadelphia,Detroit,Chicago,Rangers,Montreal,Toronto,Boston",,,,,,
1999,27,Dallas,Buffalo,Toronto,Colorado,Pittsburgh,Boston,St. Louis,Detroit,New Jersey,Ottawa,Carolina,Philadelphia,Edmonton,San Jose,Anaheim,Arizona,"Nashville,Florida,Anaheim,Ottawa,Tampa Bay,San Jose,Carolina,Colorado,Edmonton,Arizona,Washington,New Jersey,Calgary,Islanders,Vancouver,Buffalo,St. Louis,Los Angeles,Dallas,Pittsburgh,Philadelphia,Detroit,Chicago,Rangers,Montreal,Toronto,Boston",,,,,,
1998,26,Detroit,Washington,Buffalo,Dallas,Ottawa,Montreal,Edmonton,St. Louis,New Jersey,Pittsburgh,Philadelphia,Boston,San Jose,Colorado,Arizona,Los Angeles,"Florida,Anaheim,Ottawa,Tampa Bay,San Jose,Carolina,Colorado,Edmonton,Arizona,Washington,New Jersey,Calgary,Islanders,Vancouver,Buffalo,St. Louis,Los Angeles,Dallas,Pittsburgh,Philadelphia,Detroit,Chicago,Rangers,Montreal,Toronto,Boston",,,,,,
1997,26,Detroit,Philadelphia,Rangers,Colorado,New Jersey,Buffalo,Edmonton,Anaheim,Montreal,Ottawa,Pittsburgh,Florida,Chicago,Dallas,St. Louis,Arizona,"Florida,Anaheim,Ottawa,Tampa Bay,San Jose,Carolina,Colorado,Edmonton,Arizona,Washington,New Jersey,Calgary,Islanders,Vancouver,Buffalo,St. Louis,Los Angeles,Dallas,Pittsburgh,Philadelphia,Detroit,Chicago,Rangers,Montreal,Toronto,Boston",,,,,,
1996,26,Colorado,Florida,Pittsburgh,Detroit,Philadelphia,Rangers,St. Louis,Chicago,Tampa Bay,Washington,Montreal,Boston,Arizona,Vancouver,Calgary,Toronto,"Florida,Anaheim,Ottawa,Tampa Bay,San Jose,Carolina,Colorado,Edmonton,Arizona,Washington,New Jersey,Calgary,Islanders,Vancouver,Buffalo,St. Louis,Los Angeles,Dallas,Pittsburgh,Philadelphia,Detroit,Chicago,Rangers,Montreal,Toronto,Boston",,,,,,
1995,26,New Jersey,Detroit,Philadelphia,Chicago,Rangers,Pittsburgh,San Jose,Vancouver,Colorado,Buffalo,Washington,Boston,Dallas,Calgary,St. Louis,Toronto,"Florida,Anaheim,Ottawa,Tampa Bay,San Jose,Carolina,Colorado,Edmonton,Arizona,Washington,New Jersey,Calgary,Islanders,Vancouver,Buffalo,St. Louis,Los Angeles,Dallas,Pittsburgh,Philadelphia,Detroit,Chicago,Rangers,Montreal,Toronto,Boston",,,,,,
1994,26,Rangers,Vancouver,New Jersey,Toronto,Washington,Boston,San Jose,Dallas,Islanders,Pittsburgh,Buffalo,Montreal,Detroit,Calgary,Chicago,St. Louis,"Florida,Anaheim,Ottawa,Tampa Bay,San Jose,Carolina,Colorado,Edmonton,Arizona,Washington,New Jersey,Calgary,Islanders,Vancouver,Buffalo,St. Louis,Los Angeles,Dallas,Pittsburgh,Philadelphia,Detroit,Chicago,Rangers,Montreal,Toronto,Boston",,,,,,
1993,24,Montreal,Los Angeles,Islanders,Toronto,Buffalo,Pittsburgh,St. Louis,Vancouver,Boston,Colorado,New Jersey,Washington,Chicago,Detroit,Arizona,Calgary,"Ottawa,Tampa Bay,San Jose,Carolina,Colorado,Edmonton,Arizona,Washington,New Jersey,Calgary,Islanders,Vancouver,Buffalo,St. Louis,Los Angeles,Dallas,Pittsburgh,Philadelphia,Detroit,Chicago,Rangers,Montreal,Toronto,Boston",,,,,,
1992,22,Pittsburgh,Chicago,Boston,Edmonton,Montreal,Rangers,Detroit,Vancouver,Carolina,Buffalo,New Jersey,Washington,Dallas,St. Louis,Arizona,Los Angeles,"San Jose,Carolina,Colorado,Edmonton,Arizona,Washington,New Jersey,Calgary,Islanders,Vancouver,Buffalo,St. Louis,Los Angeles,Dallas,Pittsburgh,Philadelphia,Detroit,Chicago,Rangers,Montreal,Toronto,Boston",,,,,,
1991,21,Pittsburgh,Dallas,Boston,Edmonton,Montreal,Washington,St. Louis,Los Angeles,Carolina,Buffalo,New Jersey,Rangers,Chicago,Detroit,Vancouver,Calgary,"Carolina,Colorado,Edmonton,Arizona,Washington,New Jersey,Calgary,Islanders,Vancouver,Buffalo,St. Louis,Los Angeles,Dallas,Pittsburgh,Philadelphia,Detroit,Chicago,Rangers,Montreal,Toronto,Boston",,,,,,
1990,21,Edmonton,Boston,Washington,Chicago,Montreal,Rangers,St. Louis,Los Angeles,Carolina,Buffalo,Islanders,New Jersey,Dallas,Toronto,Calgary,Arizona,"Carolina,Colorado,Edmonton,Arizona,Washington,New Jersey,Calgary,Islanders,Vancouver,Buffalo,St. Louis,Los Angeles,Dallas,Pittsburgh,Philadelphia,Detroit,Chicago,Rangers,Montreal,Toronto,Boston",,,,,,
1989,21,Calgary,Montreal,Philadelphia,Chicago,Boston,Pittsburgh,St. Louis,Los Angeles,Carolina,Buffalo,Washington,Rangers,Detroit,Dallas,Vancouver,Edmonton,"Carolina,Colorado,Edmonton,Arizona,Washington,New Jersey,Calgary,Islanders,Vancouver,Buffalo,St. Louis,Los Angeles,Dallas,Pittsburgh,Philadelphia,Detroit,Chicago,Rangers,Montreal,Toronto,Boston",,,,,,
1988,21,Edmonton,Boston,New Jersey,Detroit,Montreal,Washington,St. Louis,Calgary,Carolina,Buffalo,Islanders,Philadelphia,Toronto,Chicago,Los Angeles,Arizona,"Carolina,Colorado,Edmonton,Arizona,Washington,New Jersey,Calgary,Islanders,Vancouver,Buffalo,St. Louis,Los Angeles,Dallas,Pittsburgh,Philadelphia,Detroit,Chicago,Rangers,Montreal,Toronto,Boston",,,,,,
1987,21,Edmonton,Philadelphia,Montreal,Detroit,Colorado,Islanders,Toronto,Arizona,Carolina,Boston,Rangers,Washington,St. Louis,Chicago,Los Angeles,Calgary,"Carolina,Colorado,Edmonton,Arizona,Washington,New Jersey,Calgary,Islanders,Vancouver,Buffalo,St. Louis,Los Angeles,Dallas,Pittsburgh,Philadelphia,Detroit,Chicago,Rangers,Montreal,Toronto,Boston",,,,,,
1986,21,Montreal,Calgary,Rangers,St. Louis,Carolina,Washington,Toronto,Edmonton,Colorado,Boston,Philadelphia,Islanders,Chicago,Dallas,Vancouver,Arizona,"Carolina,Colorado,Edmonton,Arizona,Washington,New Jersey,Calgary,Islanders,Vancouver,Buffalo,St. Louis,Los Angeles,Dallas,Pittsburgh,Philadelphia,Detroit,Chicago,Rangers,Montreal,Toronto,Boston",,,,,,
1985,21,Edmonton,Philadelphia,Colorado,Chicago,Montreal,Islanders,Dallas,Arizona,Boston,Buffalo,Rangers,Washington,St. Louis,Detroit,Los Angeles,Calgary,"Carolina,Colorado,Edmonton,Arizona,Washington,New Jersey,Calgary,Islanders,Vancouver,Buffalo,St. Louis,Los Angeles,Dallas,Pittsburgh,Philadelphia,Detroit,Chicago,Rangers,Montreal,Toronto,Boston",,,,,,
1984,21,Edmonton,Islanders,Montreal,Dallas,Colorado,Washington,St. Louis,Calgary,Boston,Buffalo,Rangers,Philadelphia,Chicago,Detroit,Arizona,Vancouver,"Carolina,Colorado,Edmonton,Arizona,Washington,New Jersey,Calgary,Islanders,Vancouver,Buffalo,St. Louis,Los Angeles,Dallas,Pittsburgh,Philadelphia,Detroit,Chicago,Rangers,Montreal,Toronto,Boston",,,,,,
1983,21,Islanders,Edmonton,Boston,Chicago,Buffalo,Rangers,Dallas,Calgary,Colorado,Montreal,Philadelphia,Washington,St. Louis,Toronto,Arizona,Vancouver,"Carolina,Colorado,Edmonton,Arizona,Washington,New Jersey,Calgary,Islanders,Vancouver,Buffalo,St. Louis,Los Angeles,Dallas,Pittsburgh,Philadelphia,Detroit,Chicago,Rangers,Montreal,Toronto,Boston",,,,,,
1982,21,Islanders,Vancouver,Colorado,Chicago,Boston,St. Louis,Rangers,Los Angeles,Montreal,Buffalo,Pittsburgh,Philadelphia,Dallas,Arizona,Edmonton,Calgary,"Carolina,Colorado,Edmonton,Arizona,Washington,New Jersey,Calgary,Islanders,Vancouver,Buffalo,St. Louis,Los Angeles,Dallas,Pittsburgh,Philadelphia,Detroit,Chicago,Rangers,Montreal,Toronto,Boston",,,,,,
1981,21,Islanders,Dallas,Rangers,Calgary,Buffalo,Philadelphia,Edmonton,St. Louis,Boston,Pittsburgh,Montreal,Colorado,Los Angeles,Toronto,Vancouver,Chicago,"Carolina,Colorado,Edmonton,Arizona,Washington,New Jersey,Calgary,Islanders,Vancouver,Buffalo,St. Louis,Los Angeles,Dallas,Pittsburgh,Philadelphia,Detroit,Chicago,Rangers,Montreal,Toronto,Boston",,,,,,
1980,21,Islanders,Philadelphia,Buffalo,Dallas,Rangers,Boston,Montreal,Chicago,Carolina,Pittsburgh,Calgary,Toronto,St. Louis,Los Angeles,Vancouver,Edmonton,"Carolina,Colorado,Edmonton,Arizona,Washington,New Jersey,Calgary,Islanders,Vancouver,Buffalo,St. Louis,Los Angeles,Dallas,Pittsburgh,Philadelphia,Detroit,Chicago,Rangers,Montreal,Toronto,Boston",,,,,,
1979,17,Montreal,Rangers,Boston,Islanders,Chicago,Toronto,Pittsburgh,Philadelphia,Vancouver,Los Angeles,Calgary,Buffalo,,,,,"Washington,New Jersey,Calgary,Islanders,Vancouver,Buffalo,St. Louis,Los Angeles,Dallas,Pittsburgh,Philadelphia,Detroit,Chicago,Rangers,Montreal,Toronto,Boston",,,,,,
1978,18,Montreal,Boston,Philadelphia,Toronto,Buffalo,Islanders,Chicago,Detroit,Calgary,Los Angeles,Rangers,New Jersey,,,,,"Washington,New Jersey,Calgary,Islanders,Vancouver,Buffalo,St. Louis,Los Angeles,Dallas,Pittsburgh,Philadelphia,Detroit,Chicago,Rangers,Montreal,Toronto,Boston",,,,,,
1977,18,Montreal,Boston,Philadelphia,Islanders,Buffalo,Los Angeles,Toronto,St. Louis,Pittsburgh,Calgary,Dallas,Chicago,,,,,"Washington,New Jersey,Calgary,Islanders,Vancouver,Buffalo,St. Louis,Los Angeles,Dallas,Pittsburgh,Philadelphia,Detroit,Chicago,Rangers,Montreal,Toronto,Boston",,,,,,
1976,18,Montreal,Philadelphia,Boston,Islanders,Buffalo,Los Angeles,Toronto,Chicago,Pittsburgh,Calgary,Vancouver,St. Louis,,,,,"Washington,New Jersey,Calgary,Islanders,Vancouver,Buffalo,St. Louis,Los Angeles,Dallas,Pittsburgh,Philadelphia,Detroit,Chicago,Rangers,Montreal,Toronto,Boston",,,,,,
1975,18,Philadelphia,Buffalo,Montreal,Islanders,Pittsburgh,Vancouver,Chicago,Toronto,Rangers,St. Louis,Boston,Los Angeles,,,,,"Washington,New Jersey,Calgary,Islanders,Vancouver,Buffalo,St. Louis,Los Angeles,Dallas,Pittsburgh,Philadelphia,Detroit,Chicago,Rangers,Montreal,Toronto,Boston",,,,,,
1974,16,Philadelphia,Boston,Rangers,Chicago,Los Angeles,Calgary,Montreal,Toronto,,,,,,,,,"Calgary,Islanders,Vancouver,Buffalo,St. Louis,Los Angeles,Dallas,Pittsburgh,Philadelphia,Detroit,Chicago,Rangers,Montreal,Toronto,Boston",,,,,,
1973,16,Montreal,Chicago,Rangers,Philadelphia,Dallas,St. Louis,Boston,Buffalo,,,,,,,,,"Calgary,Islanders,Vancouver,Buffalo,St. Louis,Los Angeles,Dallas,Pittsburgh,Philadelphia,Detroit,Chicago,Rangers,Montreal,Toronto,Boston",,,,,,
1972,14,Boston,Rangers,Chicago,St. Louis,Dallas,Pittsburgh,Montreal,Toronto,,,,,,,,,"Vancouver,Buffalo,St. Louis,Los Angeles,Dallas,Pittsburgh,Philadelphia,Detroit,Chicago,Rangers,Montreal,Toronto,Boston",,,,,,
1971,14,Montreal,Chicago,Rangers,Dallas,St. Louis,Philadelphia,Toronto,Boston,,,,,,,,,"Vancouver,Buffalo,St. Louis,Los Angeles,Dallas,Pittsburgh,Philadelphia,Detroit,Chicago,Rangers,Montreal,Toronto,Boston",,,,,,
1970,12,Boston,St. Louis,Pittsburgh,Chicago,Dallas,Rangers,Detroit,Dallas,,,,,,,,,"St. Louis,Los Angeles,Dallas,Pittsburgh,Philadelphia,Dallas,Detroit,Chicago,Rangers,Montreal,Toronto,Boston",,,,,,
1969,12,Montreal,St. Louis,Boston,Los Angeles,Rangers,Philadelphia,Toronto,Dallas,,,,,,,,,"St. Louis,Los Angeles,Dallas,Pittsburgh,Philadelphia,Dallas,Detroit,Chicago,Rangers,Montreal,Toronto,Boston",,,,,,
1968,12,Montreal,St. Louis,Chicago,Dallas,Boston,Rangers,Philadelphia,Los Angeles,,,,,,,,,"St. Louis,Los Angeles,Dallas,Pittsburgh,Philadelphia,Dallas,Detroit,Chicago,Rangers,Montreal,Toronto,Boston",,,,,,
1967,6,Toronto,Montreal,Rangers,Chicago,,,,,,,,,,,,,"Detroit,Chicago,Rangers,Montreal,Toronto,Boston",,,,,,
1966,6,Montreal,Detroit,Toronto,Chicago,,,,,,,,,,,,,"Detroit,Chicago,Rangers,Montreal,Toronto,Boston",,,,,,
1965,6,Montreal,Chicago,Toronto,Detroit,,,,,,,,,,,,,"Detroit,Chicago,Rangers,Montreal,Toronto,Boston",,,,,,
1964,6,Toronto,Detroit,Montreal,Chicago,,,,,,,,,,,,,"Detroit,Chicago,Rangers,Montreal,Toronto,Boston",,,,,,
1963,6,Toronto,Detroit,Montreal,Chicago,,,,,,,,,,,,,"Detroit,Chicago,Rangers,Montreal,Toronto,Boston",,,,,,
1962,6,Toronto,Chicago,Rangers,Montreal,,,,,,,,,,,,,"Detroit,Chicago,Rangers,Montreal,Toronto,Boston",,,,,,
1961,6,Chicago,Detroit,Montreal,Toronto,,,,,,,,,,,,,"Detroit,Chicago,Rangers,Montreal,Toronto,Boston",,,,,,
1960,6,Montreal,Toronto,Detroit,Chicago,,,,,,,,,,,,,"Detroit,Chicago,Rangers,Montreal,Toronto,Boston",,,,,,
1959,6,Montreal,Toronto,Boston,Chicago,,,,,,,,,,,,,"Detroit,Chicago,Rangers,Montreal,Toronto,Boston",,,,,,
1958,6,Montreal,Boston,Rangers,Detroit,,,,,,,,,,,,,"Detroit,Chicago,Rangers,Montreal,Toronto,Boston",,,,,,
1957,6,Montreal,Boston,Rangers,Detroit,,,,,,,,,,,,,"Detroit,Chicago,Rangers,Montreal,Toronto,Boston",,,,,,
1956,6,Montreal,Detroit,Rangers,Toronto,,,,,,,,,,,,,"Detroit,Chicago,Rangers,Montreal,Toronto,Boston",,,,,,
1955,6,Detroit,Montreal,Boston,Toronto,,,,,,,,,,,,,"Detroit,Chicago,Rangers,Montreal,Toronto,Boston",,,,,,
1954,6,Detroit,Montreal,Boston,Toronto,,,,,,,,,,,,,"Detroit,Chicago,Rangers,Montreal,Toronto,Boston",,,,,,
1953,6,Montreal,Boston,Detroit,Chicago,,,,,,,,,,,,,"Detroit,Chicago,Rangers,Montreal,Toronto,Boston",,,,,,
1952,6,Detroit,Montreal,Boston,Toronto,,,,,,,,,,,,,"Detroit,Chicago,Rangers,Montreal,Toronto,Boston",,,,,,
1951,6,Toronto,Montreal,Boston,Detroit,,,,,,,,,,,,,"Detroit,Chicago,Rangers,Montreal,Toronto,Boston",,,,,,
1950,6,Detroit,Rangers,Montreal,Toronto,,,,,,,,,,,,,"Detroit,Chicago,Rangers,Montreal,Toronto,Boston",,,,,,
1949,6,Toronto,Detroit,Boston,Montreal,,,,,,,,,,,,,"Detroit,Chicago,Rangers,Montreal,Toronto,Boston",,,,,,
1948,6,Toronto,Detroit,Rangers,Boston,,,,,,,,,,,,,"Detroit,Chicago,Rangers,Montreal,Toronto,Boston",,,,,,
1947,6,Toronto,Montreal,Boston,Detroit,,,,,,,,,,,,,"Detroit,Chicago,Rangers,Montreal,Toronto,Boston",,,,,,
1946,6,Montreal,Boston,Chicago,Detroit,,,,,,,,,,,,,"Detroit,Chicago,Rangers,Montreal,Toronto,Boston",,,,,,
1945,6,Toronto,Detroit,Montreal,Boston,,,,,,,,,,,,,"Detroit,Chicago,Rangers,Montreal,Toronto,Boston",,,,,,
1944,6,Montreal,Chicago,Toronto,Detroit,,,,,,,,,,,,,"Detroit,Chicago,Rangers,Montreal,Toronto,Boston",,,,,,
1943,6,Detroit,Boston,Montreal,Toronto,,,,,,,,,,,,,"Detroit,Chicago,Rangers,Montreal,Toronto,Boston",,,,,,
1942,7,Toronto,Detroit,Rangers,Boston,Chicago,Montreal,,,,,,,,,,,,,,,,,
1941,7,Boston,Detroit,Chicago,Toronto,Rangers,Montreal,,,,,,,,,,,,,,,,,
1940,7,Rangers,Toronto,Detroit,Boston,Chicago,Americans,,,,,,,,,,,,,,,,,
1939,,Boston,Toronto,Detroit,Rangers,Americans,Montreal,,,,,,,,,,,,,,,,,
1938,8,Chicago,Toronto,Americans,Boston,Rangers,Montreal,,,,,,,,,,,,,,,,,
1937,8,Detroit,Rangers,Maroons,Montreal,Boston,Toronto,,,,,,,,,,,,,,,,,
1936,8,Detroit,Toronto,Americans,Maroons,Chicago,Boston,,,,,,,,,,,,,,,,,
1935,9,Maroons,Toronto,Rangers,Boston,Montreal,Chicago,,,,,,,,,,,,,,,,,
1934,9,Chicago,Detroit,Maroons,Toronto,Rangers,Montreal,,,,,,,,,,,,,,,,,
1933,9,Rangers,Toronto,Detroit,Boston,Montreal,Maroons,,,,,,,,,,,,,,,,,
1932,8,Toronto,Rangers,Maroons,Montreal,Chicago,Detroit,,,,,,,,,,,,,,,,,
1931,10,Montreal,Chicago,Rangers,Boston,Maroons,Toronto,,,,,,,,,,,,,,,,,
1930,10,Montreal,Boston,Rangers,Maroons,Chicago,Senators,,,,,,,,,,,,,,,,,
1929,10,Boston,Rangers,Toronto,Montreal,Detroit,Americans,,,,,,,,,,,,,,,,,
1928,10,Rangers,Maroons,Boston,Montreal,Pirates,Senators,,,,,,,,,,,,,,,,,
1927,10,Senators,Boston,Rangers,Montreal,Chicago,Maroons,,,,,,,,,,,,,,,,,
1926,7,Maroons,Senators,Pirates,,,,,,,,,,,,,,,,,,,,
1925,6,Montreal,Tigers,Toronto,,,,,,,,,,,,,,,,,,,,
1924,4,Montreal,Senators,,,,,,,,,,,,,,,,,,,,,
1923,4,Senators,Montreal,,,,,,,,,,,,,,,,,,,,,
1922,4,Toronto,Senators,,,,,,,,,,,,,,,,,,,,,
1921,4,Senators,Toronto,,,,,,,,,,,,,,,,,,,,,
1920,4,Senators,Metropolitans,,,,,,,,,,,,,,,,,,,,,
1919,4,Montreal,Senators,,,,,,,,,,,,,,,,,,,,,
1918,4,Toronto,Montreal,,,,,,,,,,,,,,,,,,,,,